fecha	factura	carpeta	exportador	frontera	transportista	cantidad	cargado	saldo	afidi	dua
25/06/26	061/26	BRE030-26	Etimex	Rio Branco	Chabat	2600	2600	0	Runaev 4036/00/01	112591
23/06/26	84/	PYB037-26	Hugo Franco	Salto	Mega Logistica	1960	1960	0	1.561.239	—
22/06/26	505/	PYB039/26	Milciades Sosa	Salto	G.S.C.S. PARAGUAY TTES.	980	980	0	1.561.238	—
22/06/26	079/26	BRE042/26	Etimex	Rio Branco	Silvio	936	936	0	1.561.237	123835
19/06/26	213/	PYB038-26	Diego Fernandez	Salto	Compass	1960	1960	0	1.561.223	—
18/06/26	078/26	BRB057/26	Etimex	Rio Branco	Chabat	5040	5040	0	1.560.930	121816
18/06/26	077/26	BRB056/26	Etimex	Rio Branco	FG	9072	9072	0	1.560.929	121851
17/06/26	075/26	BRE041/26	Etimex	Rio Branco	Silvio	648	648	0	1.560.822	120424
16/06/26	016/ALM/2026	BRB055/26	A&A	Chuy	AXT	2808	2808	0	1.560.961	120496
16/06/26	074/26	BRB054/26	Etimex	Rio Branco	Amaro	4032	4032	0	156,09,31	120372
15/06/26	79/	PYB036/26	Hugo Franco	Salto	Mega Logistica	1960	1960	0	1.560.732	120392
15/06/26	504/	PYB035-26	Milciades Sosa	Salto	G.S.C.S. PARAGUAY TTES. S.R.L.	980	980	0	1.560.731	118343
12/06/26	UY013-AL-26	BRE040-26	Dom Basto	Chuy	VPN	1096	1096	0	1560512/15660510/1560514/1560513	117531
12/06/26	072/26	BRE039-26	Etimex	Rio Branco	Silvio	720	720	0	1560718/1560719	117281
10/06/26	070/26	BRB053/26	Etimex	Rio Branco	FG	9072	9072	0	1.560.434	115150
09/06/26	069/26	BRE038-26	Etimex	Rio Branco	Gral	20780	20780	0	1.560.338	117237
08/06/26	503/	PYB034/26	Milciades Sosa	Salto	G.S.C.S. PARAGUAY TTES. S.R.L.	980	980	0	1.560.320	115168
08/06/26	78/	PYB033/26	Hugo Franco	Salto	Mega Logistica	1960	1960	0	1.560.285	115155
08/06/26	212/	PYB032-26	Diego Fernandez	Salto	Compass	980	980	0	156,02,79	114302
08/06/26	015/ALM/2026	BRB052/26	A&A	Chuy	AXT	1872	1872	0	156,03,63	115276
05/06/26	068/26	BRE037-26	Etimex	Rio Branco	Silvio	936	936	0	1560248/1560288	113326
05/06/26	26282A/	BRE036-26	Jaguacy	Chuy	Silvio	2304	2304	0	—	113410
02/06/26	73/	PYB030-26	Hugo Franco	Salto	Mega Logistica	1960	1960	0	1.559.792	110449
01/06/26	502/	PYB031-26	Milciades Sosa	Salto	G.S.C.S. PARAGUAY TTES. S.R.L.	1960	1960	0	1.559.790	110451
01/06/26	067/26	BRB051/26	Etimex	Rio Branco	Chabat	6048	6048	0	1.559.849	108266
29/05/26	066/26	BRE034-26	Etimex	Rio Branco	Silvio	1786	1786	0	1559267/1559268	108297
29/05/26	065/26	BRE033-26	Etimex	Rio Branco	Silvio	936	936	0	1559825/1559693	107354
28/05/26	001.26ALM	BRE035-26	DINA	Chuy	Silvio	1560	1560	0	—	108320
28/05/26	064/26	BRB050/26	Etimex	Rio Branco	Amaro	4032	4032	0	1.559.612	107311
28/05/26	063/26	BRB049/26	Etimex	Rio Branco	FG	9072	9072	0	1.559.613	107235
26/05/26	26259A	BRE032-26	Jaguacy	Chuy	Silvio	2304	2304	0	—	106102
26/05/26	UY012-AL-26	BRE031-26	Dom Basto	Chuy	VPN	1368	1368	0	1559012-1559013-1559117	104938
25/05/26	71/	PYB029-26	Hugo Franco	Salto	Mega Logistica	1960	1960	0	1.559.204	104044
22/05/26	501/	PYB028/26	Milciades Sosa	Salto	G.S.C.S. PARAGUAY TTES.	980	980	0	1.558.206	104005
21/05/26	211/	PYB027/26	Diego Fernandez	Salto	Compass	1960	1960	0	1.558.775	102707
21/05/26	014/ALM/2026	BRB048/26	A&A	Chuy	AXT	3744	3744	0	1.559.003	101722
18/05/26	68/	PYB026/26	Hugo Franco	Salto	Mega Logistica	980	2080	-1100	1.558.202	98547
18/05/26	059/26	BRE029-26	Etimex	Rio Branco	Gral	20960	20960	0	1.558.512	97276
14/05/26	058/26	BRB047/26	Etimex	Rio Branco	Amaro	4032	4032	0	1.558.383	95907
14/05/26	057/26	BRB046/26	Etimex	Rio Branco	FG	9072	9072	0	1.558.382	95912
13/05/26	210/	PYB025-26	Diego Fernandez	Salto	Compass	1960	1960	0	1.557.891	97027
11/05/26	26235A	BRE028-26	Jaguacy	Chuy	Silvio	2304	2304	0	—	95044
11/05/26	UY11-AL-26	BRE027-26	Dom Basto	Chuy	VPN	1252	1251	0	—	94037
11/05/26	055/26	BRB045/26	Etimex	Rio Branco	Chabat	6048	6048	0	1.558.017	95052
10/05/26	062//	PYB024-26	Hugo Franco	Salto	Mega Logistica	3744	4844	-1100	1.557.891	93125
07/05/26	209/	PYB023-26	Diego Fernandez	Salto	Compass	980	3080	-2100	1.557.825	93092
05/05/26	061//	PYB022-26	Hugo Franco	Salto	Mega Logistica	936	1936	-1000	1.557.488	90243
05/05/26	26209A	BRE026-26	Jaguacy	Chuy	Silvio	2304	2304	0	1.557.028	89361
30/04/26	58/	PYB021-26	Hugo Franco	Salto	Mega Logistica	1872	2872	-1000	1.557.467	89129
30/04/26	208/	PYB020-26	Diego Fernandez	Salto	Compass	1960	3190	-1230	1.557.465	88415
30/04/26	052/26	BRE025-26	Etimex	Rio Branco	Chabat	2600	2600	0	Runaev 4036/00/01	88117
29/04/26	051/26	BRB043/26	Etimex	Rio Branco	Amaro	4032	4032	0	155,72,93	87686
29/04/26	050/26	BRB042/26	Etimex	Rio Branco	FG	9072	9072	0	155,72,92	90085
28/04/26	UY10-AL-26	BRE024-26	Dom Basto	Chuy	VPN	1326	1326	0	—	84925
25/04/26	26199A/	BRE023-26	Jaguacy	Chuy	Silvio	2304	2304	0	—	83733
24/04/26	013/ALM/2026	BRB044/26	A&A	Chuy	AXT	1872	1872	0	1.556.822	90209
24/04/26	048/26	BRB041/26	Etimex	Rio Branco	FG	9072	9072	0	1.556.795	82567
20/04/26	UY009-AL-26	BRE022-26	Dom Basto	Chuy	VPN	1252	1252	0	15555735/1555736/1555734/15586090	79611
20/04/26	044/26	BRE021-26	Etimex	Rio Branco	Silvio	1529	1529	0	1.555.712	7952d
20/04/26	UY008-AL-26	BRE020-26	Dom Basto	Chuy	VPN	5184	5184	0	1.555.217	79548
20/04/26	046/26	BRB040-26	Etimex	Rio Branco	Chabat	9072	9072	0	1.556.155	79994
17/04/26	043/26	BRB039-26	Etimex	Rio Branco	Amaro	4032	4032	0	155,36,94	79575
16/04/26	042/26	BRE019-26	Etimex	Rio Branco	Zanini	1120	1120	0	1555890/Runaev 4036/00/01	78844
14/04/26	041/26	BRB038-26	Etimex	Rio Branco	FG	9072	9073	0	155,55,48	74233
10/04/26	26138A/	BRE018-26	Jaguacy	Rio Branco	Silvio	2304	2304	0	—	71884
10/04/26	012/ALM/2026	BRB037-26	A&A	Chuy	AXT	5616	5616	0	155,52,48	71910
08/04/26	039/26	BRB036-26	Etimex	Rio Branco	Chabat	9072	9072	0	1.554.969	69499
07/04/26	038/26	BRE017-26	Etimex	Rio Branco	Silvio	1188	1188	0	1554370-1554956	70038
05/04/26	26118A/	BRE015/26	Jaguacy	Rio Branco	Silvio	2304	2304	0	1.554.377	pode
04/04/26	UY007-AL-26	BRE016/26	Dom Basto	Chuy	VPN	1220	1220	0	1554374-1554371-1554378	69554
27/03/26	036/26	BRB035-26	Etimex	Rio Branco	Chabat	6048	6048	0	155,39,62	63952
27/03/26	035/26	BRB034-26	Etimex	Rio Branco	FG	9072	9072	0	155,39,61	62958
26/03/26	26095A/	BRE014-26	Jaguacy	Rio Branco	Silvio	2304	2304	0	155.37.02	62952
25/03/26	011/ALM/2026	BRB033-26	A&A	Rio Branco	AXT	5616	5616	0	155.37.64	61858
24/03/26	033/26	BRB032-26	Etimex	Rio Branco	Amaro	4032	4032	0	155.36.94	60906
23/03/26	UY006-AL-26	BRE013-26	Dom Basto	Rio Branco	VPN	1460	1460	0	1553363/1553364/1553538	59541
20/03/26	030/26	BRE011/26	Etimex	Rio Branco	Zanini	1116	1116	0	1552727/1553172	58229
20/03/26	032/26	BRB031-26	Etimex	Rio Branco	FG	9072	9072	0	155.31.50	57282
20/03/26	031/26	BRB029-26	Etimex	Rio Branco	Chabat	6048	6048	0	155.13.11	57297
18/03/26	010/ALM/2026	BRB030-26	A&A	Chuy	AXT	3744	3744	0	155,31,49	55270
17/03/26	26071A/	BRE012/26	Jaguacy	Rio Branco	Silvio	2304	2304	0	1.552.817	55244
17/03/26	26070A/	BRE010/26	Jaguacy	Rio Branco	Zanini	2304	2304	0	1.552.816	54027
17/03/26	029/26	BRB028-26	Etimex	Rio Branco	FG	6048	6048	0	155,29,93	54914
14/03/26	26047A/	BRE009-26	Jaguacy	Rio Branco	Silvio	2304	2304	0	—	54027
12/03/26	027/26	BRB027-26	Etimex	Rio Branco	Chabat	3024	3024	0	155,25,74	51727
12/03/26	026//26	BRB026-26	Etimex	Rio Branco	FG	6048	6048	0	155,25,75	51709
11/03/26	009/ALM/2026	BRB025-26	A&A	Chuy	AXT	2808	2808	0	155,23,52	50729
10/03/26	UY005-AL-26	BRE008-26	Dom Basto	Rio Branco	VPN	1232	1232	0	155.19.29-155.19.31-1551930	48603
02/03/26	026016A/	BRE007-26	Jaguacy	Rio Branco	AXT	2304	2304	0	—	45254
02/03/26	008/ALM/2026	BRB024-26	A&A	Chuy	AXT	4680	4680	0	155,19,29	44332
02/03/26	024/26	BRB023-26	Etimex	Rio Branco	Chabat	4032	4032	0	155,13,11	45260
02/03/26	022/26	BRB022-26	Etimex	Rio Branco	FG	9072	9072	0	155,18,88	44306
27/02/26	207/	PYB019/26	Diego Fernandez	Salto	Surcentral	936	936	0	—	44556
26/02/26	206/	PYE001-26	Diego Fernandez	Salto	Compass	545	545	0	—	44287
25/02/26	021/26	BRB021-26	Etimex	Rio Branco	FG	9072	9072	0	155.13.13	38654
23/02/26	1212-	PYB017/26	Hugo Franco	Salto	Mega	936	936	0	155.10.43	37897
23/02/26	007/ALM/2026	BRB020-26	A&A	Chuy	AXT	4680	4680	0	155.10.40	38633
20/02/26	114/	PYB018/26	Servi Fel	Salto	Surcentral	1960	1985	-25	155.09.93	38652
19/02/26	113//	PYB016/26	Servi Fel	Salto	Surcentral	936	936	0	155,07,25	36441
18/02/26	020/26	BRE006-26	Etimex	Rio Branco	Marvel	5616	5616	0	155,01,25	33342
17/02/26	112/	PYB015/26	Servi Fel	Salto	—	936	936	0	155,04,91	33117
16/02/26	205//	PYB014/26	Diego Fernandez	Salto	Compass	980	980	0	1.550.492	33153
13/02/26	006/ALM/2026	BRB019-26	A&A	Chuy	AXT	4680	4680	0	1.550.406	31947
11/02/26	UY004-AL-26	BRE005-26	Dom Basto	Chuy	VPN	1420	1420	0	1.550.025	29986
10/02/26	019/26	BRB018-26	Etimex	Rio Branco	Amaro	5040	5040	0	155,01,07	29521
10/02/26	018/26	BRB017-26	Etimex	Rio Branco	FG	9072	9072	0	155,01,06	29624
09/02/26	1211-	PYB012/26	Hugo Franco	Salto	Mega	1916	1916	0	1.549.966	28562
09/02/26	111//	PYB011/26	Servi Fel	Salto	Surcentral	1960	1960	0	1.549.897	28554
06/02/26	204/	PYB013/26	Diego Fernandez	Salto	Compass	1960	1960	0	1.549.911	28581
06/02/26	005/ALM/2026	BRB016-26	A&A	Chuy	AXT	936	936	0	154,98,98	26227
05/02/26	203/	PYB010/26	Diego Fernandez	Salto	Surcentral	1063	1063	0	—	27351
04/02/26	016/26	BRE004-26	Etimex	Rio Branco	Zanini	1190	1190	0	1548931/1548933	26134
04/02/26	015/26	BRB015-26	Etimex	Rio Branco	FG	9072	9072	0	155	25068
02/02/26	109/	PYB009/26	Servi Fel	Salto	Surcentral	1872	1872	0	1.549.372	25232
02/02/26	1207/	PYB008/26	Hugo Franco	Salto	TEYU´I E HIJOS S.R.L.	2940	2940	0	154,93,37	23271
02/02/26	202/26	PYB007-26	Diego Fernandez	Salto	Compas	980	980	0	154,93,70	24264
30/01/26	UY003-AL-26	BRE003-26	Dom Basto	Rio Branco	VPN	1160	1160	0	1548957-1548960	21203
29/01/26	014/26	BRB014-26	Etimex	Rio Branco	OCH	4032	4032	0	1.549.009	22351
29/01/26	013/26	BRB013-26	Etimex	Rio Branco	FG	6048	6048	0	1.549.007	22280
26/01/26	1205/26	PYB005-26	Hugo Franco	Salto	—	3920	3920	0	1.548.828	18772
26/01/26	004/ALM/2026	BRB012-26	A&A	Chuy	AXT	5616	5616	0	1.548.910	18821
23/01/26	201/26	PYB006-26	Diego Fernandez	Salto	Compass	980	980	0	1.548.298	18813
21/01/26	011/26	BRB011-26	Etimex	Rio Branco	FG	6048	6048	0	1.548.166	14714
19/01/26	026/26	PYB004-26	Hugo Franco	Salto	—	1960	1960	0	1.547.734	13675
19/01/26	003/ALM/2026	BRB010-26	A&A	Chuy	AXT	4680	4680	0	1.547.976	13774
16/01/26	107/	PYB003-26	Servi Fel	Salto	—	980	980	0	1.547.705	12792
16/01/26	UY002-AL-26	BRE002-26	Dom Basto	Rio Branco	VPN	3420	3420	0	1547163-1547506	12623
16/01/26	UY002-AL-26	BRE002-26	Dom Basto	Rio Branco	VPN	3420	3420	0	1547163-1547506	12623
15/01/26	009/26	BRB009-26	Etimex	Rio Branco	Amaro	4032	4032	0	1.547.732	10363
15/01/26	008/26	BRB008-26	Etimex	Rio Branco	FG	7056	7056	0	1.547.572	10331
12/01/26	023/26	PYB002-26	Hugo Franco	Salto	3G	1960	1960	0	1.547.066	8290
12/01/26	UY001-AL-26	BRE001-26	Dom Basto	Rio Branco	VPN	1492	1492	0	1547096-1547095	5964
12/01/26	006/26	BRB007-26	Etimex	Rio Branco	Silvio	3744	3744	0	1.547.430	7331
07/01/26	005/26	BRB004-26	Etimex	Rio Branco	FG	6048	6048	0	154,69,95	4090
06/01/26	022//26	PYB001-26	Hugo Franco	Salto	3G	1960	1960	0	154.70.65	5951
06/01/26	003/26	BRB003-26	Etimex	Rio Branco	Amaro	4032	4032	0	154,69,94	1966
05/01/26	001/ALM/2026	BRB006-26	A&A	Rio Branco	Chabat	4032	4032	0	154,69,90	3107
05/01/26	002/ALM/2026	BRB005-26	A&A	Chuy	Zanini	3744	3726	0	154,69,91	3062
05/01/26	002/26	BRB002-26	Etimex	Rio Branco	Silvio	3744	3744	0	154,69,93	1978
02/01/26	001/26	BRB001-26	Etimex	Rio Branco	FG	6048	6048	0	154,68,95
